Date,New Cases,,Total Cases,,Active Cases,,multiplier,,geo mean,,,,,,geo mean
Feb 6 2021,107489,,26761047,,1992275,,0.053952893,,0.069256674,,0.001616982,,0.093592292,,0.062099639
Feb 5 2021,130261,,26653558,,2079402,,0.062643491,,,,0.001610487,,0.087326557,,
Feb 4 2021,124960,,26523297,,2135639,,0.058511762,,,,0.001602616,,0.084266406,,
Feb 3 2021,121212,,26398337,,2195703,,0.055204187,,,,0.001595066,,0.081412979,,
Feb 2 2021,116915,,26277125,,2258350,,0.051770098,,,,0.001587742,,0.067952118,,
Feb 1 2021,125735,,26160210,,2297559,,0.054725472,,,,0.001580677,,0.058748476,,
Jan 31 2021,112772,,26034475,,2307379,,0.048874502,,,,0.00157308,,0.089126372,,
Jan 30 2021,141559,,25921703,,2409343,,0.058754191,,,,0.001566266,,0.09442443,,
Jan 29 2021,164876,,25780144,,2504246,,0.06583858,,,,0.001557713,,0.093324724,,
Jan 28 2021,158598,,25615268,,2580163,,0.06146821,,,,0.00154775,,0.084895532,,
Jan 27 2021,155504,,25456670,,2646217,,0.058764644,,,,0.001538167,,0.080835293,,
Jan 26 2021,148733,,25301166,,2709757,,0.054887948,,,,0.001528771,,0.073300485,,
Jan 25 2021,133913,,25152433,,2763597,,0.048456052,,,,0.001519784,,0.073344603,,
Jan 24 2021,142259,,25018520,,2837823,,0.050129624,,,,0.001511693,,0.085020007,,
Jan 23 2021,171844,,24876261,,2946036,,0.058330584,,,,0.001503097,,0.088254114,,
Jan 22 2021,191799,,24704417,,3042725,,0.063035273,,,,0.001492714,,0.098376593,,
Jan 21 2021,188772,,24512618,,3161992,,0.059700341,,,,0.001481125,,0.085727113,,
Jan 20 2021,188156,,24323846,,3252005,,0.05785846,,,,0.001469719,,0.063363352,,
Jan 19 2021,147304,,24135690,,3271118,,0.045031699,,,,0.00145835,,0.068276382,,
Jan 18 2021,148518,,23988386,,3352726,,0.044297685,,,,0.001449449,,0.061938213,,
Jan 17 2021,185949,,23839868,,3415775,,0.054438305,,,,0.001440475,,0.069085101,,
Jan 16 2021,213145,,23653919,,3469518,,0.061433605,,,,0.00142924,,0.089203119,,
Jan 15 2021,247071,,23440774,,3575301,,0.069104951,,,,0.001416361,,0.043019181,,
Jan 14 2021,227746,,23193703,,3477844,,0.065484823,,,,0.001401432,,0.065473269,,
Jan 13 2021,225815,,22965957,,3477801,,0.064930397,,,,0.001387671,,0.064054412,,
Jan 12 2021,217393,,22740142,,3474546,,0.062567311,,,,0.001374027,,0.053423137,,
Jan 11 2021,199793,,22522749,,3440981,,0.058062802,,,,0.001360891,,0.057820479,,
Jan 10 2021,220887,,22322956,,3440096,,0.064209545,,,,0.001348819,,0.051358291,,
Jan 9 2021,248578,,22102069,,3393493,,0.073251367,,,,0.001335472,,0.07233395,,
Jan 8 2021,314093,,21853491,,3390137,,0.092649058,,,,0.001320453,,0.032843851,,
Jan 7 2021,279401,,21539398,,3180504,,0.087848027,,,,0.001301474,,0.052886618,,
Jan 6 2021,248121,,21259997,,3063100,,0.081003232,,,,0.001284592,,0.069213657,,
Jan 5 2021,227698,,21011876,,3024302,,0.075289439,,,,0.0012696,,0.048631121,,
Jan 4 2021,174136,,20784178,,2939558,,0.059238838,,,,0.001255842,,0.074618845,,
Jan 3 2021,212496,,20610042,,2988414,,0.071106614,,,,0.00124532,,0.088833183,,
Jan 2 2021,285002,,20397546,,3046553,,0.093549004,,,,0.00123248,,0.030196963,,
Jan 1 2021,168939,,20112544,,2847538,,0.059328093,,,,0.001215259,,0.09973862,,
Dec 31 2020,229634,,19943605,,2975357,,0.077178638,,,,0.001205052,,0.083281862,,
Dec 30 2020,230982,,19713971,,2995166,,0.077118263,,,,0.001191176,,0.071144144,,
Dec 29 2020,201428,,19482989,,2975902,,0.067686369,,,,0.00117722,,0.061498552,,
Dec 28 2020,177814,,19281561,,2956281,,0.060147868,,,,0.001165049,,0.059192511,,
Dec 27 2020,146593,,19103747,,2953279,,0.049637369,,,,0.001154305,,0.071582175,,
Dec 26 2020,179707,,18957154,,3023085,,0.059444905,,,,0.001145447,,0.058279235,,
Dec 25 2020,139152,,18777447,,3019343,,0.046086847,,,,0.001134589,,0.094758085,,
Dec 24 2020,193277,,18638295,,3181681,,0.060746819,,,,0.001126181,,0.075261896,,
Dec 23 2020,229746,,18445018,,3231622,,0.071093092,,,,0.001114503,,0.062836271,,
Dec 22 2020,196516,,18215272,,3203150,,0.061350858,,,,0.001100621,,0.065695767,,
Dec 21 2020,184632,,18018756,,3218046,,0.057373947,,,,0.001088747,,0.062193179,,
Dec 20 2020,198129,,17834124,,3234583,,0.061253336,,,,0.001077591,,0.056163842,,
Dec 19 2020,202050,,17635995,,3217141,,0.06280421,,,,0.001065619,,0.074883965,,
Dec 18 2020,236063,,17433945,,3259149,,0.072430871,,,,0.001053411,,0.070688099,,
Dec 17 2020,248095,,17197882,,3253037,,0.076265656,,,,0.001039147,,0.067132664,,
Dec 16 2020,241272,,16949787,,3221189,,0.074901535,,,,0.001024156,,0.052145836,,
Dec 15 2020,205421,,16708515,,3143856,,0.065340461,,,,0.001009578,,0.058405166,,
Dec 14 2020,206033,,16503094,,3120700,,0.066021405,,,,0.000997166,,0.043010354,,
Dec 13 2020,183285,,16297061,,3045662,,0.060179035,,,,0.000984717,,0.061420957,,
Dec 12 2020,216520,,16113776,,3049692,,0.070997334,,,,0.000973642,,0.058218382,,
Dec 11 2020,247365,,15897256,,3008311,,0.082227203,,,,0.000960559,,0.045980098,,
Dec 10 2020,206749,,15649891,,2894013,,0.071440246,,,,0.000945613,,0.061839542,,
Dec 9 2020,234504,,15443142,,2864397,,0.08186854,,,,0.00093312,,0.062157254,,
Dec 8 2020,223296,,15208638,,2804194,,0.079629298,,,,0.000918951,,0.048852091,,
Dec 7 2020,187672,,14985342,,2713456,,0.069163458,,,,0.000905459,,0.055442701,,
Dec 6 2020,176766,,14797670,,2674040,,0.066104471,,,,0.000894119,,0.068136141,,
Dec 5 2020,210045,,14620904,,2679870,,0.078378802,,,,0.000883438,,0.073188057,,
Dec 4 2020,217919,,14410859,,2664861,,0.081774997,,,,0.000870747,,0.07562664,,
Dec 3 2020,223070,,14192940,,2647136,,0.084268432,,,,0.000857579,,0.063541101,,
Dec 2 2020,199790,,13969870,,2588545,,0.077182355,,,,0.000844101,,0.05899438,,
Dec 1 2020,181653,,13770080,,2538513,,0.071558822,,,,0.000832029,,0.055774321,,
Nov 30 2020,153743,,13588427,,2496077,,0.061593853,,,,0.000821053,,0.061524297,,
Nov 29 2020,154080,,13434684,,2495892,,0.06173344,,,,0.000811763,,0.037824899,,
Nov 28 2020,144294,,13280604,,2433873,,0.059285756,,,,0.000802453,,0.090205794,,
Nov 27 2020,173683,,13136310,,2516590,,0.069015215,,,,0.000793735,,0.063897991,,
Nov 26 2020,149378,,12962627,,2502833,,0.059683567,,,,0.00078324,,0.077282725,,
Nov 25 2020,185509,,12813249,,2550570,,0.07273237,,,,0.000774214,,0.051789025,,
Nov 24 2020,168182,,12627740,,2494235,,0.06742829,,,,0.000763005,,0.053093537,,
Nov 23 2020,159162,,12459558,,2456476,,0.064792817,,,,0.000752843,,0.046618032,,
Nov 22 2020,149317,,12300396,,2409647,,0.061966338,,,,0.000743226,,0.060214414,,
Nov 21 2020,187162,,12151079,,2405155,,0.077817022,,,,0.000734204,,0.044820374,,
Nov 20 2020,195043,,11963917,,2322069,,0.083995351,,,,0.000722895,,0.057122935,,
Nov 19 2020,187759,,11768874,,2255889,,0.083230602,,,,0.00071111,,0.046478046,,
Nov 18 2020,167895,,11581115,,2168938,,0.077408852,,,,0.000699765,,0.051678389,,
Nov 17 2020,167127,,11413220,,2110089,,0.079203768,,,,0.000689621,,0.038535061,,
Nov 16 2020,153221,,11246093,,2020835,,0.075820638,,,,0.000679522,,0.018954172,,
Nov 15 2020,101847,,11092872,,1903697,,0.053499585,,,,0.000670264,,0.114687486,,
Nov 14 2020,197622,,10991025,,2035270,,0.097098665,,,,0.00066411,,0.03971121,,
Nov 13 2020,184231,,10793403,,1913641,,0.096272498,,,,0.000652169,,0.042793958,,
Nov 12 2020,160984,,10609172,,1806727,,0.089102559,,,,0.000641038,,0.044397734,,
Nov 11 2020,146501,,10448188,,1722205,,0.085065947,,,,0.00063131,,0.046002691,,
Nov 10 2020,139443,,10301687,,1651686,,0.084424642,,,,0.000622458,,0.035593754,,
Nov 9 2020,122178,,10162244,,1568056,,0.07791686,,,,0.000614033,,0.032915097,,
Nov 8 2020,106980,,10040066,,1495089,,0.071554269,,,,0.000606651,,0.036601413,,
Nov 7 2020,96195,,9933086,,1440846,,0.06676286,,,,0.000600186,,0.084549032,,
Nov 6 2020,136147,,9836891,,1468840,,0.09269015,,,,0.000594374,,0.048797304,,
Nov 5 2020,120672,,9700744,,1401061,,0.086129012,,,,0.000586148,,0.047638564,,
Nov 4 2020,109814,,9580072,,1344436,,0.081680348,,,,0.000578856,,0.03606607,,
Nov 3 2020,91779,,9470258,,1280816,,0.071656663,,,,0.000572221,,0.0455543,,
Nov 2 2020,87457,,9378479,,1245788,,0.070202153,,,,0.000566675,,0.087359204,,
Nov 1 2020,137645,,9291022,,1269208,,0.108449521,,,,0.000561391,,-0.000850875,,
Oct 31 2020,89384,,9153377,,1130601,,0.079058837,,,,0.000553074,,0.058711164,,
Oct 30 2020,100564,,9063993,,1106161,,0.090912625,,,,0.000547673,,0.057261945,,
Oct 29 2020,90945,,8963429,,1066677,,0.085260112,,,,0.000541597,,0.054271245,,
Oct 28 2020,83040,,8872484,,1031725,,0.080486564,,,,0.000536102,,0.050525037,,
Oct 27 2020,73078,,8789444,,999168,,0.073138852,,,,0.000531084,,0.040733778,,
Oct 26 2020,64409,,8716366,,965415,,0.066716386,,,,0.000526669,,0.048738875,,
Oct 25 2020,63522,,8651957,,947170,,0.067065046,,,,0.000522777,,0.070232755,,
Oct 24 2020,84237,,8588435,,950397,,0.088633487,,,,0.000518939,,0.058032325,,
Oct 23 2020,83843,,8504198,,919522,,0.09118107,,,,0.000513849,,0.05631002,,
Oct 22 2020,74905,,8420355,,885544,,0.084586424,,,,0.000508783,,0.05240068,,
Oct 21 2020,64229,,8345450,,855466,,0.075080716,,,,0.000504257,,0.059780523,,
Oct 20 2020,61073,,8281221,,841545,,0.072572471,,,,0.000500376,,0.048496131,,
Oct 19 2020,60689,,8220148,,820251,,0.073988328,,,,0.000496686,,0.033850013,,
Oct 18 2020,47299,,8159459,,786174,,0.060163526,,,,0.000493019,,0.055300482,,
Oct 17 2020,53764,,8112160,,782127,,0.068740754,,,,0.000490161,,0.083663369,,
Oct 16 2020,70699,,8058396,,794864,,0.088944775,,,,0.000486912,,0.056929468,,
Oct 15 2020,63898,,7987697,,767880,,0.083213523,,,,0.00048264,,0.05875951,,
Oct 14 2020,60445,,7923799,,747930,,0.080816387,,,,0.000478779,,0.046022277,,
Oct 13 2020,47994,,7863354,,720651,,0.066598118,,,,0.000475127,,0.053884358,,
Oct 12 2020,47051,,7815360,,710967,,0.06617888,,,,0.000472227,,0.047668501,,
Oct 11 2020,46034,,7768309,,697148,,0.06603189,,,,0.000469384,,0.063664013,,
Oct 10 2020,53756,,7722275,,695385,,0.07730394,,,,0.000466603,,0.07899791,,
Oct 9 2020,58803,,7668519,,696664,,0.084406543,,,,0.000463355,,0.063776854,,
Oct 8 2020,55503,,7609716,,681313,,0.08146476,,,,0.000459802,,0.061186894,,
Oct 7 2020,53464,,7554213,,666597,,0.080204381,,,,0.000456448,,0.044264493,,
Oct 6 2020,40163,,7500749,,641530,,0.062605022,,,,0.000453217,,0.076448293,,
Oct 5 2020,40002,,7460586,,651146,,0.061433227,,,,0.000450791,,0.056247375,,
Oct 4 2020,36787,,7420584,,647568,,0.056807934,,,,0.000448374,,0.076000841,,
Oct 3 2020,49566,,7383797,,661019,,0.074984229,,,,0.000446151,,0.06645974,,
Oct 2 2020,50516,,7334231,,654983,,0.077125666,,,,0.000443156,,0.070989784,,
Oct 1 2020,47401,,7283715,,650657,,0.07285098,,,,0.000440104,,0.065823012,,
Sep 30 2020,45617,,7236314,,645762,,0.070640577,,,,0.00043724,,0.056390623,,
Sep 29 2020,39253,,7190697,,636010,,0.061717583,,,,0.000434483,,0.047631435,,
Sep 28 2020,34249,,7151444,,626603,,0.054658213,,,,0.000432111,,0.058563069,,
Sep 27 2020,36549,,7117195,,629202,,0.058087864,,,,0.000430042,,0.076293284,,
Sep 26 2020,49988,,7080646,,641603,,0.077911107,,,,0.000427834,,0.059329431,,
Sep 25 2020,46752,,7030658,,628929,,0.074335895,,,,0.000424813,,0.06830661,,
Sep 24 2020,42826,,6983906,,624859,,0.068537062,,,,0.000421988,,0.05952908,,
Sep 23 2020,41698,,6941080,,618874,,0.067377204,,,,0.000419401,,0.067235528,,
Sep 22 2020,49940,,6899382,,618780,,0.080707198,,,,0.000416881,,0.022828273,,
Sep 21 2020,39639,,6849442,,582129,,0.068093155,,,,0.000413864,,0.042653443,,
Sep 20 2020,37459,,6809803,,566660,,0.066104895,,,,0.000411468,,0.069430352,,
Sep 19 2020,42580,,6772344,,568685,,0.074874491,,,,0.000409205,,0.090318844,,
Sep 18 2020,49305,,6729764,,578340,,0.08525262,,,,0.000406632,,0.077958746,,
Sep 17 2020,44290,,6680459,,573765,,0.077191882,,,,0.000403653,,0.07520453,,
Sep 16 2020,42229,,6636169,,572532,,0.073758323,,,,0.000400977,,0.058315561,,
Sep 15 2020,34850,,6593940,,563143,,0.061884814,,,,0.000398425,,0.076134649,,
Sep 14 2020,34548,,6559090,,571829,,0.060416663,,,,0.00039632,,0.058658528,,
Sep 13 2020,35511,,6524542,,570761,,0.062216935,,,,0.000394232,,0.075299394,,
Sep 12 2020,40550,,6489031,,578836,,0.070054385,,,,0.000392086,,0.084385674,,
Sep 11 2020,46608,,6448481,,587896,,0.079279328,,,,0.000389636,,0.063291928,,
Sep 10 2020,37969,,6401873,,577862,,0.065705999,,,,0.00038682,,0.073246888,,
Sep 9 2020,33362,,6363904,,582564,,0.057267528,,,,0.000384526,,0.063408961,,
Sep 8 2020,23590,,6330542,,586384,,0.040229611,,,,0.00038251,,0.06705722,,
Sep 7 2020,26350,,6306952,,603246,,0.043680356,,,,0.000381085,,0.067023105,,
Sep 6 2020,34363,,6280602,,618339,,0.055573076,,,,0.000379493,,0.078697313,,
Sep 5 2020,45510,,6246239,,633859,,0.071798302,,,,0.000377416,,0.077909601,,
Sep 4 2020,49745,,6200729,,638060,,0.077962888,,,,0.000374666,,0.067785465,,
Sep 3 2020,45118,,6150984,,631094,,0.071491727,,,,0.000371661,,0.064336674,,
Sep 2 2020,40219,,6105866,,626268,,0.06422011,,,,0.000368935,,0.079271837,,
Sep 1 2020,43838,,6065647,,636506,,0.068872878,,,,0.000366504,,0.046136217,,
Aug 31 2020,32517,,6021809,,621334,,0.052334171,,,,0.000363856,,0.071070226,,
Aug 30 2020,38547,,5989292,,633866,,0.060812538,,,,0.000361891,,0.073704504,,
Aug 29 2020,43552,,5950745,,642688,,0.067765385,,,,0.000359562,,0.085820309,,
Aug 28 2020,45213,,5907193,,655381,,0.068987352,,,,0.00035693,,0.088005644,,
Aug 27 2020,47278,,5861980,,669048,,0.070664586,,,,0.000354198,,0.078457876,,
Aug 26 2020,46954,,5814702,,674706,,0.069591793,,,,0.000351342,,0.070510666,,
Aug 25 2020,37692,,5767748,,675373,,0.05580916,,,,0.000348504,,0.074945165,,
Aug 24 2020,33430,,5730056,,689344,,0.048495381,,,,0.000346227,,0.065520449,,
Aug 23 2020,38736,,5696626,,701903,,0.055187113,,,,0.000344207,,0.077386782,,
Aug 22 2020,45476,,5657890,,718792,,0.06326726,,,,0.000341866,,0.077425622,,
Aug 21 2020,47406,,5612414,,729823,,0.064955476,,,,0.000339119,,0.080888919,,
Aug 20 2020,45191,,5565008,,742475,,0.060865349,,,,0.000336254,,0.076597914,,
Aug 19 2020,46838,,5519817,,755125,,0.062026817,,,,0.000333524,,0.062288836,,
Aug 18 2020,39987,,5472979,,755336,,0.052939354,,,,0.000330694,,0.064582903,,
Aug 17 2020,39019,,5432992,,764738,,0.051022703,,,,0.000328277,,0.06854493,,
Aug 16 2020,42364,,5393973,,779124,,0.054373887,,,,0.00032592,,0.075313109,,
Aug 15 2020,54584,,5351609,,796767,,0.068506853,,,,0.00032336,,0.076265248,,
Aug 14 2020,56815,,5297025,,803459,,0.070713005,,,,0.000320062,,0.080517126,,
Aug 13 2020,53260,,5240210,,812026,,0.065589033,,,,0.000316629,,0.08665491,,
Aug 12 2020,56883,,5186950,,830755,,0.068471451,,,,0.000313411,,0.07791479,,
Aug 11 2020,55925,,5130067,,839263,,0.066635846,,,,0.000309974,,0.054310808,,
Aug 10 2020,40683,,5074142,,828325,,0.04911478,,,,0.000306595,,0.074019255,,
Aug 9 2020,48885,,5033459,,850603,,0.057470994,,,,0.000304136,,0.077637969,,
Aug 8 2020,54577,,4984574,,869201,,0.06278985,,,,0.000301183,,0.081580861,,
Aug 7 2020,62273,,4929997,,886985,,0.070207501,,,,0.000297885,,0.077250477,,
Aug 6 2020,56194,,4867724,,893755,,0.062874054,,,,0.000294122,,0.077410372,,
Aug 5 2020,53900,,4811530,,907837,,0.059371892,,,,0.000290727,,0.072679492,,
Aug 4 2020,50357,,4757630,,920865,,0.054684454,,,,0.00028747,,0.067633192,,
Aug 3 2020,50060,,4707273,,933654,,0.053617293,,,,0.000284427,,0.059512127,,
Aug 2 2020,47787,,4657213,,939506,,0.050863965,,,,0.000281403,,0.077014879,,
Aug 1 2020,59045,,4609426,,966125,,0.06111528,,,,0.000278515,,0.078773648,,
Jul 31 2020,68937,,4550381,,984644,,0.070012106,,,,0.000274947,,0.075270413,,
Jul 30 2020,68366,,4481444,,990243,,0.06903962,,,,0.000270782,,0.070897369,,
Jul 29 2020,66349,,4413078,,992223,,0.066869041,,,,0.000266651,,0.062365247,,
Jul 28 2020,60229,,4346729,,987457,,0.060994048,,,,0.000262642,,0.05673844,,
Jul 27 2020,54759,,4286500,,983002,,0.055705889,,,,0.000259003,,0.066492015,,
Jul 26 2020,61791,,4231741,,994360,,0.062141478,,,,0.000255694,,0.063681043,,
Jul 25 2020,64665,,4169950,,995995,,0.064925025,,,,0.000251961,,0.073064601,,
Jul 24 2020,75122,,4105285,,1004741,,0.074767527,,,,0.000248053,,0.064362041,,
Jul 23 2020,72570,,4030163,,993567,,0.073039865,,,,0.000243514,,0.058498991,,
Jul 22 2020,70471,,3957593,,978222,,0.072039885,,,,0.000239129,,0.059945922,,
Jul 21 2020,63443,,3887122,,965637,,0.065700672,,,,0.000234871,,0.047679667,,
Jul 20 2020,58185,,3823679,,947364,,0.061417787,,,,0.000231038,,0.054720556,,
Jul 19 2020,63148,,3765494,,940652,,0.067132159,,,,0.000227522,,0.052697829,,
Jul 18 2020,67672,,3702346,,926319,,0.073054747,,,,0.000223707,,0.064894063,,
Jul 17 2020,75107,,3634674,,918235,,0.081794965,,,,0.000219618,,0.061276114,,
Jul 16 2020,72363,,3559567,,898164,,0.080567691,,,,0.00021508,,0.055161651,,
Jul 15 2020,67703,,3487204,,874013,,0.077462235,,,,0.000210707,,0.056221045,,
Jul 14 2020,61244,,3419501,,854342,,0.071685578,,,,0.000206616,,0.049871395,,
Jul 13 2020,59085,,3358257,,834727,,0.070783621,,,,0.000202916,,0.046012991,,
Jul 12 2020,60552,,3299172,,813053,,0.07447485,,,,0.000199346,,0.054565031,,
Jul 11 2020,62954,,3238620,,795931,,0.079094796,,,,0.000195687,,0.061766622,,
Jul 10 2020,66500,,3175666,,781231,,0.08512207,,,,0.000191883,,0.050018409,,
Jul 9 2020,59324,,3109166,,752363,,0.078850236,,,,0.000187865,,0.062764217,,
Jul 8 2020,64914,,3049842,,739450,,0.087786869,,,,0.00018428,,0.033690803,,
Jul 7 2020,50428,,2984928,,698054,,0.07224083,,,,0.000180358,,0.044613406,,
Jul 6 2020,46510,,2934500,,677868,,0.068612178,,,,0.000177311,,0.037379131,,
Jul 5 2020,44291,,2887990,,655874,,0.067529739,,,,0.000174501,,0.054830913,,
Jul 4 2020,52153,,2843699,,647062,,0.080599695,,,,0.000171825,,0.060136751,,
Jul 3 2020,57780,,2791546,,632974,,0.09128337,,,,0.000168673,,0.045622127,,
Jul 2 2020,52872,,2733766,,602690,,0.087726692,,,,0.000165182,,0.051080832,,
Jul 1 2020,54491,,2680894,,579415,,0.094044856,,,,0.000161988,,0.022915484,,
Jun 30 2020,43788,,2626403,,537235,,0.081506231,,,,0.000158695,,0.040468014,,
Jun 29 2020,35944,,2582615,,514258,,0.069894878,,,,0.000156049,,0.047392006,,
Jun 28 2020,41028,,2546671,,502110,,0.081711179,,,,0.000153877,,0.052636121,,
Jun 27 2020,44708,,2505643,,486700,,0.091859462,,,,0.000151398,,0.054744541,,
Jun 26 2020,44808,,2460935,,467590,,0.095827541,,,,0.000148697,,0.041945016,,
Jun 25 2020,40821,,2416127,,441292,,0.092503376,,,,0.00014599,,0.045449887,,
Jun 24 2020,38004,,2375306,,419539,,0.090585142,,,,0.000143523,,0.042016828,,
Jun 23 2020,34160,,2337302,,398269,,0.085771175,,,,0.000141227,,0.026784807,,
Jun 22 2020,26735,,2303142,,374130,,0.071459118,,,,0.000139163,,0.05071143,,
Jun 21 2020,27617,,2276407,,365953,,0.075465975,,,,0.000137547,,0.062804528,,
Jun 20 2020,32438,,2248790,,361009,,0.089853716,,,,0.000135879,,0.08129804,,
Jun 19 2020,32404,,2216352,,357647,,0.090603304,,,,0.000133919,,0.070460736,,
Jun 18 2020,27978,,2183948,,349897,,0.079960674,,,,0.000131961,,0.04621962,,
Jun 17 2020,23014,,2155970,,337519,,0.068185791,,,,0.00013027,,0.060817449,,
Jun 16 2020,28655,,2132956,,334871,,0.085570264,,,,0.00012888,,0.046899316,,
Jun 15 2020,18712,,2104301,,321284,,0.058241307,,,,0.000127148,,0.056949795,,
Jun 14 2020,21938,,2085589,,320844,,0.068375909,,,,0.000126017,,0.090542317,,
Jun 13 2020,25498,,2063651,,328664,,0.077580751,,,,0.000124692,,0.063932665,,
Jun 12 2020,22497,,2038153,,323872,,0.069462627,,,,0.000123151,,0.055375154,,
Jun 11 2020,21885,,2015656,,319042,,0.068595984,,,,0.000121792,,0.063281762,,
Jun 10 2020,20578,,1993771,,317232,,0.064867353,,,,0.00012047,,0.053058645,,
Jun 9 2020,17446,,1973193,,313276,,0.055688913,,,,0.000119226,,0.053131902,,
Jun 8 2020,17676,,1955747,,312430,,0.056575873,,,,0.000118172,,0.078608695,,
Jun 7 2020,17852,,1938071,,319901,,0.055804765,,,,0.000117104,,0.081015708,,
Jun 6 2020,29110,,1920219,,328677,,0.088567195,,,,0.000116025,,0.081325172,,
Jun 5 2020,29080,,1891109,,326086,,0.089178928,,,,0.000114266,,0.050480185,,
Jun 4 2020,20564,,1862029,,312796,,0.065742529,,,,0.000112509,,0.047666844,,
Jun 3 2020,14725,,1841465,,306859,,0.047986209,,,,0.000111267,,0.101515958,,
Jun 2 2020,25011,,1826740,,325141,,0.07692355,,,,0.000110377,,0.04322129,,
Jun 1 2020,15046,,1801729,,313688,,0.047964857,,,,0.000108866,,0.107236169,,
May 31 2020,26198,,1786683,,334514,,0.078316603,,,,0.000107957,,0.034227845,,
May 30 2020,23707,,1760485,,319243,,0.074260046,,,,0.000106374,,0.082687723,,
May 29 2020,18279,,1736778,,322176,,0.05673607,,,,0.000104941,,0.078491246,,
May 28 2020,21382,,1718499,,329782,,0.064836771,,,,0.000103837,,0.07605195,,
May 27 2020,19754,,1697117,,333785,,0.059181809,,,,0.000102545,,0.052636819,,
May 26 2020,16370,,1677363,,331479,,0.049384727,,,,0.000101351,,0.087241149,,
May 25 2020,24971,,1660993,,345227,,0.072332118,,,,0.000100362,,0.02426124,,
May 24 2020,15370,,1636022,,328219,,0.04682849,,,,9.89E-05,,0.101806155,,
May 23 2020,26549,,1620652,,348309,,0.07622255,,,,9.79E-05,,0.07142919,,
May 22 2020,24306,,1594103,,346511,,0.070144959,,,,9.63E-05,,0.062529095,,
May 21 2020,20466,,1569797,,343696,,0.059546809,,,,9.49E-05,,0.093557904,,
May 20 2020,22721,,1549331,,356592,,0.063717077,,,,9.36E-05,,0.066468517,,
May 19 2020,23523,,1526610,,357643,,0.065772292,,,,9.22E-05,,0.066221371,,
May 18 2020,24720,,1503087,,357815,,0.06908598,,,,9.08E-05,,0.023522583,,
May 17 2020,13418,,1478367,,341119,,0.039335247,,,,8.93E-05,,0.128871817,,
May 16 2020,32068,,1464949,,376180,,0.085246425,,,,8.85E-05,,0.055680265,,
May 15 2020,22782,,1432881,,364402,,0.062518867,,,,8.66E-05,,0.090163367,,
May 14 2020,27013,,1410099,,375474,,0.07194373,,,,8.52E-05,,0.067859904,,
May 13 2020,20832,,1383086,,373829,,0.055726014,,,,8.36E-05,,0.069427126,,
May 12 2020,21517,,1362254,,379333,,0.056723248,,,,8.23E-05,,0.052386539,,
May 11 2020,17564,,1340737,,377597,,0.0465152,,,,8.10E-05,,0.077897697,,
May 10 2020,24281,,1323173,,390448,,0.062187538,,,,8.00E-05,,0.078308082,,
May 9 2020,26994,,1298892,,397277,,0.067947553,,,,7.85E-05,,0.079868497,,
May 8 2020,25331,,1271898,,402424,,0.062946047,,,,7.69E-05,,0.086636697,,
May 7 2020,31107,,1246567,,412862,,0.075344788,,,,7.53E-05,,0.070660522,,
May 6 2020,22970,,1215460,,410781,,0.055917874,,,,7.34E-05,,0.063138518,,
May 5 2020,22498,,1192490,,413947,,0.054349953,,,,7.21E-05,,0.055486253,,
May 4 2020,19326,,1169992,,414445,,0.046631037,,,,7.07E-05,,0.091851651,,
May 3 2020,29829,,1150666,,435082,,0.06855949,,,,6.95E-05,,0.056961215,,
May 2 2020,29576,,1120837,,429731,,0.068824451,,,,6.77E-05,,0.069625507,,
May 1 2020,29623,,1091261,,430101,,0.06887452,,,,6.59E-05,,0.073214306,,
Apr 30 2020,31549,,1061638,,432115,,0.073010657,,,,6.41E-05,,0.054742734,,
Apr 29 2020,25651,,1030089,,423764,,0.060531333,,,,6.22E-05,,0.059741431,,
Apr 28 2020,23734,,1004438,,423408,,0.05605468,,,,6.07E-05,,0.061181058,,
Apr 27 2020,23698,,980704,,425720,,0.055665696,,,,5.93E-05,,0.067928527,,
Apr 26 2020,28397,,957006,,431321,,0.065837277,,,,5.78E-05,,0.077709083,,
Apr 25 2020,33804,,928609,,436873,,0.077377178,,,,5.61E-05,,0.066954789,,
Apr 24 2020,29993,,894805,,431993,,0.069429366,,,,5.41E-05,,0.093271261,,
Apr 23 2020,37163,,864812,,443352,,0.083822786,,,,5.23E-05,,0.049421142,,
Apr 22 2020,26608,,827649,,427307,,0.062269048,,,,5.00E-05,,0.072367979,,
Apr 21 2020,26168,,801041,,431959,,0.060579824,,,,4.84E-05,,0.058825849,,
Apr 20 2020,29460,,774873,,431154,,0.068328254,,,,4.68E-05,,0.086143157,,
Apr 19 2020,24731,,745413,,439559,,0.056263209,,,,4.50E-05,,0.06928094,,
Apr 18 2020,29899,,720682,,445707,,0.067082186,,,,4.35E-05,,0.068288355,,
Apr 17 2020,29711,,690783,,446284,,0.066574199,,,,4.17E-05,,0.076422869,,
Apr 16 2020,29096,,661072,,451043,,0.064508262,,,,3.99E-05,,0.05425493,,
Apr 15 2020,27212,,631976,,446153,,0.060992529,,,,3.82E-05,,0.058732998,,
Apr 14 2020,26082,,604764,,445082,,0.058600438,,,,3.65E-05,,0.048231278,,
Apr 13 2020,24600,,578682,,440233,,0.0558795,,,,3.50E-05,,0.058885198,,
Apr 12 2020,28542,,554082,,441639,,0.064627445,,,,3.35E-05,,0.051230699,,
Apr 11 2020,32735,,525540,,435403,,0.075183221,,,,3.18E-05,,0.049019423,,
Apr 10 2020,34182,,492805,,423424,,0.080727592,,,,2.98E-05,,0.03864516,,
Apr 9 2020,31673,,458623,,404889,,0.078226378,,,,2.77E-05,,0.043526397,,
Apr 8 2020,31700,,426950,,390200,,0.08124039,,,,2.58E-05,,0.011857708,,
Apr 7 2020,22071,,395250,,362802,,0.060834836,,,,2.39E-05,,0.08269282,,
Apr 6 2020,42594,,373179,,371447,,0.114670464,,,,2.25E-05,,-0.01887149,,
Apr 5 2020,25711,,330585,,322762,,0.079659316,,,,2.00E-05,,0.044363517,,
Apr 4 2020,30664,,304874,,310841,,0.098648505,,,,1.84E-05,,0.035312792,,
Apr 3 2020,35085,,274210,,290433,,0.120802388,,,,1.66E-05,,-0.021714862,,
Apr 2 2020,26090,,239125,,249921,,0.104392988,,,,1.44E-05,,0.025851826,,
Apr 1 2020,27271,,213035,,229771,,0.118687737,,,,1.29E-05,,-0.005626543,,
Mar 31 2020,22715,,185764,,201367,,0.112803985,,,,1.12E-05,,0.011858669,,
Mar 30 2020,22064,,163049,,180796,,0.122038098,,,,9.85E-06,,-0.020436764,,
Mar 29 2020,18113,,140985,,155553,,0.116442627,,,,8.52E-06,,0.017176528,,
Mar 28 2020,19309,,122872,,139842,,0.138077259,,,,7.42E-06,,-0.006530217,,
Mar 27 2020,18156,,103563,,119751,,0.1516146,,,,6.26E-06,,-0.008937882,,
Mar 26 2020,16957,,85407,,100695,,0.168399623,,,,5.16E-06,,-0.031993296,,
Mar 25 2020,13931,,68450,,81142,,0.171686673,,,,4.14E-06,,-0.05415791,,
Mar 24 2020,10193,,54519,,63758,,0.159870134,,,,3.29E-06,,0.016560486,,
Mar 23 2020,10792,,44326,,54467,,0.198138322,,,,2.68E-06,,-0.041393452,,
Mar 22 2020,8837,,33534,,41939,,0.210710794,,,,2.03E-06,,-0.094172479,,
Mar 21 2020,5835,,24697,,30253,,0.192873434,,,,1.49E-06,,-0.09921671,,
Mar 20 2020,3568,,18862,,22214,,0.160619429,,,,1.14E-06,,0.062449718,,
Mar 19 2020,4759,,15294,,19888,,0.239290024,,,,9.24E-07,,-0.091952364,,
Mar 18 2020,3423,,10535,,13855,,0.247058824,,,,6.37E-07,,-0.061673112,,
Mar 17 2020,2795,,7112,,9826,,0.28444942,,,,4.30E-07,,-0.397257552,,
Mar 16 2020,772,,4317,,5032,,0.153418124,,,,2.61E-07,,0.09726637,,
Mar 15 2020,1206,,3545,,4719,,0.255562619,,,,2.14E-07,,-0.308867362,,
Mar 14 2020,371,,2339,,2684,,0.138226528,,,,1.41E-07,,-0.027543314,,
Mar 13 2020,299,,1968,,2251,,0.132829853,,,,1.19E-07,,0.062890062,,
Mar 12 2020,430,,1669,,2083,,0.206433029,,,,1.01E-07,,-0.095427435,,
Mar 11 2020,285,,1239,,1509,,0.188866799,,,,7.49E-08,,0.014492754,,
Mar 10 2020,303,,954,,1242,,0.243961353,,,,5.76E-08,,-0.098245614,,
Mar 9 2020,219,,651,,855,,0.256140351,,,,3.93E-08,,-0.115789474,,
Mar 8 2020,153,,432,,570,,0.268421053,,,,2.61E-08,,-0.275229358,,
Mar 7 2020,63,,279,,327,,0.19266055,,,,1.69E-08,,-0.047619048,,
Mar 6 2020,51,,216,,252,,0.202380952,,,,1.31E-08,,0.060747664,,
Mar 5 2020,62,,165,,214,,0.289719626,,,,9.97E-09,,-0.357142857,,
Mar 4 2020,22,,103,,112,,0.196428571,,,,6.22E-09,,0.02173913,,
Mar 3 2020,24,,81,,92,,0.260869565,,,,4.89E-09,,0.014492754,,
Mar 2 2020,25,,57,,69,,0.362318841,,,,3.44E-09,,-0.76,,
Mar 1 2020,6,,32,,25,,0.24,,,,1.93E-09,,0.173913043,,
Feb 29 2020,10,,26,,23,,0.434782609,,,,1.57E-09,,-3.333333333,,
Feb 28 2020,0,,16,,3,,0,,,,9.67E-10,,0.25,,
Feb 27 2020,1,,16,,4,,0.25,,,,9.67E-10,,0,,
Feb 26 2020,0,,15,,3,,0,,,,9.06E-10,,0,,
Feb 25 2020,0,,15,,3,,0,,,,9.06E-10,,0.25,,
Feb 24 2020,0,,15,,4,,0,,,,9.06E-10,,0,,
Feb 23 2020,0,,15,,4,,0,,,,9.06E-10,,0,,
Feb 22 2020,0,,15,,4,,0,,,,9.06E-10,,0.333333333,,
Feb 21 2020,2,,15,,6,,0.333333333,,,,9.06E-10,,-1,,
Feb 20 2020,0,,13,,2,,0,,,,7.85E-10,,0,,
Feb 19 2020,0,,13,,2,,0,,,,7.85E-10,,0,,
Feb 18 2020,0,,13,,2,,0,,,,7.85E-10,,0,,
Feb 17 2020,0,,13,,2,,0,,,,7.85E-10,,0.6,,
Feb 16 2020,0,,13,,5,,0,,,,7.85E-10,,0,,
Feb 15 2020,0,,13,,5,,0,,,,7.85E-10,,0.166666667,,
Feb 14 2020,0,,13,,6,,0,,,,7.85E-10,,0.333333333,,
Feb 13 2020,1,,13,,9,,0.111111111,,,,7.85E-10,,-0.142857143,,
Feb 12 2020,0,,12,,7,,0,,,,7.25E-10,,0.125,,
Feb 11 2020,1,,12,,8,,0.125,,,,7.25E-10,,-0.166666667,,
Feb 10 2020,0,,11,,6,,0,,,,6.65E-10,,0,,
Feb 9 2020,0,,11,,6,,0,,,,6.65E-10,,0.333333333,,
Feb 8 2020,0,,11,,9,,0,,,,6.65E-10,,0,,
Feb 7 2020,0,,11,,9,,0,,,,6.65E-10,,0.1,,
Feb 6 2020,0,,11,,10,,0,,,,6.65E-10,,0,,
Feb 5 2020,0,,11,,10,,0,,,,6.65E-10,,0.090909091,,
Feb 4 2020,0,,11,,11,,0,,,,6.65E-10,,0.214285714,,
Feb 3 2020,3,,11,,14,,0.214285714,,,,6.65E-10,,-0.375,,
Feb 2 2020,0,,8,,8,,0,,,,4.83E-10,,0.111111111,,
Feb 1 2020,1,,8,,9,,0.111111111,,,,4.83E-10,,0.111111111,,
Jan 31 2020,2,,7,,9,,0.222222222,,,,4.23E-10,,-0.4,,
Jan 30 2020,0,,5,,5,,0,,,,3.02E-10,,0,,
Jan 29 2020,0,,5,,5,,0,,,,3.02E-10,,0,,
Jan 28 2020,0,,5,,5,,0,,,,3.02E-10,,0,,
Jan 27 2020,0,,5,,5,,0,,,,3.02E-10,,0.375,,
Jan 26 2020,3,,5,,8,,0.375,,,,3.02E-10,,-1.5,,
Jan 25 2020,0,,2,,2,,0,,,,1.21E-10,,0.333333333,,
Jan 24 2020,1,,2,,3,,0.333333333,,,,1.21E-10,,-1,,
Jan 23 2020,0,,1,,1,,0,,,,6.04E-11,,0.5,,
Jan 22 2020,1,,1,,2,,0.5,,,,6.04E-11,,#DIV/0!,,
